{"fitness mean": 0.673789477113773, "lift mean": 0.4098374075896646, "fisher mean": 0.46418151050153217, "fitness max": 27.55880339539978, "lift min": 0.0, "lift max": 5.836470892382899, "fisher min": 3.213663055920291e-116, "convinction min": 0.9978033792925713, "conviction max": 1.0107618647379293, "interestingness min": 0.0, "interestingness max": 0.0009412680654951232, "conviction mean": 0.9987042822029466, "interestingness mean": 5.1422264491279474e-05, "unique fenotypes": 258, "_timestamp": 1693919301.561544, "_runtime": 131.18686199188232, "_step": 3, "_wandb": {"runtime": 138}}